date,clicks,cost
01.01.15,12355,135905
02.01.15,12236,171304
03.01.15,10598,116578
04.01.15,10598,116578
05.01.15,13356,227052
06.01.15,9240,157080
07.01.15,8400,84000
08.01.15,8400,84000
09.01.15,12747,140217
10.01.15,11368,181888
11.01.15,12397,210749
12.01.15,11606,127666
13.01.15,11487,206766
14.01.15,9891,128583
15.01.15,10402,176834
16.01.15,7399,88788
17.01.15,8519,110747
18.01.15,10822,205618
19.01.15,9289,167202
20.01.15,12516,200256
21.01.15,9576,162792
22.01.15,10990,208810
23.01.15,8764,122696
24.01.15,8827,132405
25.01.15,9737,116844
26.01.15,8442,109746
27.01.15,13979,139790
28.01.15,10423,177191
29.01.15,9478,113736
30.01.15,12075,132825
31.01.15,9387,159579
01.02.15,10353,186354
02.02.15,9786,117432
03.02.15,13573,257887
04.02.15,7161,114576
05.02.15,7994,127904
06.02.15,8498,152964
07.02.15,8498,152964
08.02.15,7707,115605
09.02.15,8428,126420
10.02.15,7189,100646
11.02.15,10633,127596
12.02.15,12026,204442
13.02.15,9478,180082
14.02.15,13769,178997
15.02.15,13363,133630
16.02.15,13734,247212
17.02.15,11529,207522
18.02.15,8540,128100
19.02.15,9317,139755
20.02.15,9058,126812
21.02.15,10458,198702
22.02.15,8631,129465
23.02.15,12012,144144
24.02.15,11900,226100
25.02.15,10346,196574
26.02.15,11039,209741
27.02.15,7126,121142
28.02.15,7084,106260
01.03.15,11571,173565
02.03.15,9891,128583
03.03.15,10934,174944
04.03.15,9709,126217
05.03.15,7070,84840
06.03.15,8638,112294
07.03.15,12593,201488
08.03.15,9359,159103
09.03.15,12894,219198
10.03.15,9163,174097
11.03.15,11326,158564
12.03.15,10409,145726
13.03.15,10066,181188
14.03.15,11466,206388
15.03.15,8638,86380
16.03.15,10241,153615
17.03.15,13860,180180
18.03.15,10619,127428
19.03.15,8449,135184
20.03.15,10934,109340
21.03.15,7700,107800
22.03.15,10892,174272
23.03.15,13993,153923
24.03.15,12264,183960
25.03.15,9359,140385
26.03.15,8372,159068
27.03.15,8680,121520
28.03.15,12019,120190
29.03.15,7441,111615
30.03.15,10206,102060
31.03.15,8918,142688
01.04.15,10619,169904
02.04.15,9590,143850
03.04.15,8169,155211
04.04.15,7560,90720
05.04.15,11151,211869
06.04.15,13762,247716
07.04.15,13902,194628
08.04.15,13853,180089
09.04.15,8715,113295
10.04.15,7056,134064
11.04.15,12978,220626
12.04.15,8036,112504
13.04.15,8204,131264
14.04.15,8001,96012
15.04.15,8435,84350
16.04.15,12600,138600
17.04.15,7077,127386
18.04.15,12593,226674
19.04.15,10304,123648
20.04.15,9513,161721
21.04.15,9821,98210
22.04.15,11046,110460
23.04.15,12313,147756
24.04.15,10948,186116
25.04.15,10185,183330
26.04.15,12320,123200
27.04.15,10073,191387
28.04.15,9828,127764
29.04.15,9317,121121
30.04.15,13657,191198
01.05.15,10948,131376
02.05.15,10486,115346
03.05.15,11676,186816
04.05.15,11158,212002
05.05.15,11417,159838
06.05.15,11977,143724
07.05.15,10647,138411
08.05.15,12663,215271
09.05.15,10066,100660
10.05.15,10423,104230
11.05.15,8386,117404
12.05.15,12915,142065
13.05.15,13678,164136
14.05.15,10682,117502
15.05.15,13265,225505
16.05.15,10423,166768
17.05.15,11564,173460
18.05.15,11746,164444
19.05.15,8995,116935
20.05.15,13272,159264
21.05.15,9030,108360
22.05.15,9996,189924
23.05.15,13867,249606
24.05.15,11851,189616
25.05.15,11844,165816
26.05.15,12299,184485
27.05.15,10052,190988
28.05.15,9170,174230
29.05.15,10535,115885
30.05.15,13447,242046
31.05.15,10780,161700
01.06.15,11095,110950
02.06.15,9422,103642
03.06.15,9457,170226
04.06.15,9009,171171
05.06.15,10318,196042
06.06.15,8302,116228
07.06.15,12803,179242
08.06.15,8239,98868
09.06.15,11011,154154
10.06.15,8078,121170
11.06.15,9422,94220
12.06.15,13202,145222
13.06.15,11312,158368
14.06.15,11144,178304
15.06.15,11900,154700
16.06.15,10353,186354
17.06.15,12201,195216
18.06.15,8701,121814
19.06.15,8078,129248
20.06.15,8050,96600
21.06.15,11466,149058
22.06.15,11480,160720
23.06.15,11144,189448
24.06.15,10689,160335
25.06.15,7070,106050
26.06.15,13405,187670
27.06.15,8757,166383
28.06.15,7238,94094
29.06.15,10801,194418
30.06.15,10269,174573
01.07.15,7336,139384
02.07.15,8813,96943
03.07.15,7483,119728
04.07.15,12670,126700
05.07.15,13034,195510
06.07.15,8428,92708
07.07.15,7672,84392
08.07.15,11557,208026
09.07.15,10269,154035
10.07.15,12082,181230
11.07.15,8078,121170
12.07.15,10913,120043
13.07.15,10192,173264
14.07.15,13720,233240
15.07.15,11900,202300
16.07.15,13944,181272
17.07.15,11557,161798
18.07.15,13713,191982
19.07.15,10696,139048
20.07.15,13776,137760
21.07.15,10913,163695
22.07.15,11816,165424
23.07.15,12551,238469
24.07.15,8197,114758
25.07.15,13944,167328
26.07.15,13839,193746
27.07.15,9933,178794
28.07.15,9415,160055
29.07.15,12229,122290
30.07.15,9632,125216
31.07.15,7322,109830
01.08.15,12404,210868
02.08.15,12068,181020
03.08.15,12362,160706
04.08.15,9520,123760
05.08.15,7245,123165
06.08.15,10094,131222
07.08.15,11977,131747
08.08.15,8722,156996
09.08.15,7763,77630
10.08.15,12404,186060
11.08.15,8722,148274
12.08.15,11011,154154
13.08.15,8813,114569
14.08.15,7245,130410
15.08.15,10983,175728
16.08.15,10374,103740
17.08.15,8470,143990
18.08.15,12117,230223
19.08.15,7658,130186
20.08.15,9681,135534
21.08.15,8050,152950
22.08.15,8120,97440
23.08.15,9282,167076
24.08.15,7882,86702
25.08.15,11389,205002
26.08.15,13797,165564
27.08.15,10892,174272
28.08.15,11137,133644
29.08.15,8813,132195
30.08.15,13636,204540
31.08.15,12250,134750
01.09.15,11746,164444
02.09.15,11368,136416
03.09.15,8561,162659
04.09.15,11557,184912
05.09.15,13195,224315
06.09.15,9471,132594
07.09.15,9345,168210
08.09.15,12257,232883
09.09.15,7623,144837
10.09.15,7777,132209
11.09.15,13013,247247
12.09.15,12607,201712
13.09.15,7161,136059
14.09.15,8610,86100
15.09.15,10346,155190
16.09.15,11340,147420
17.09.15,9765,156240
18.09.15,9093,100023
19.09.15,10619,127428
20.09.15,10528,200032
21.09.15,12229,122290
22.09.15,9093,90930
23.09.15,8050,88550
24.09.15,7623,91476
25.09.15,11480,137760
26.09.15,8862,106344
27.09.15,12670,152040
28.09.15,9086,109032
29.09.15,7931,111034
30.09.15,8659,164521
01.10.15,13454,242172
02.10.15,12306,135366
03.10.15,9415,131810
04.10.15,10150,192850
05.10.15,8862,106344
06.10.15,10521,157815
07.10.15,12817,243523
08.10.15,8750,131250
09.10.15,8659,121226
10.10.15,7427,89124
11.10.15,10773,129276
12.10.15,13104,235872
13.10.15,10150,101500
14.10.15,10115,171955
15.10.15,9674,96740
16.10.15,10962,186354
17.10.15,8750,157500
18.10.15,8617,120638
19.10.15,8001,136017
20.10.15,12824,141064
21.10.15,12523,137753
22.10.15,7833,78330
23.10.15,9366,103026
24.10.15,10514,199766
25.10.15,8722,87220
26.10.15,13055,143605
27.10.15,7021,105315
28.10.15,12579,163527
29.10.15,11172,189924
30.10.15,9429,169722
31.10.15,8477,84770
01.11.15,9296,176624
02.11.15,7049,105735
03.11.15,10780,183260
04.11.15,10661,106610
05.11.15,12481,124810
06.11.15,12579,163527
07.11.15,7462,74620
08.11.15,10500,105000
09.11.15,10318,103180
10.11.15,8470,152460
11.11.15,12943,245917
12.11.15,7497,142443
13.11.15,10535,200165
14.11.15,12481,187215
15.11.15,8596,120344
16.11.15,13846,179998
17.11.15,8498,93478
18.11.15,11977,227563
19.11.15,13671,205065
20.11.15,12145,206465
21.11.15,7868,118020
22.11.15,10535,105350
23.11.15,13650,245700
24.11.15,11564,127204
25.11.15,9296,102256
26.11.15,12446,161798
27.11.15,13678,259882
28.11.15,9590,182210
29.11.15,11011,132132
30.11.15,13321,133210
01.12.15,7350,102900
02.12.15,9590,134260
03.12.15,12390,185850
04.12.15,9296,139440
05.12.15,9688,155008
06.12.15,11459,137508
07.12.15,11522,126742
08.12.15,12558,238602
09.12.15,11760,141120
10.12.15,11060,165900
11.12.15,9366,149856
12.12.15,12390,136290
13.12.15,12712,241528
14.12.15,10521,157815
15.12.15,12712,165256
16.12.15,11522,161308
17.12.15,12481,224658
18.12.15,8463,135408
19.12.15,12418,198688
20.12.15,10017,150255
21.12.15,9107,145712
22.12.15,11949,227031
23.12.15,10514,126168
24.12.15,12712,241528
25.12.15,10304,154560
26.12.15,9632,144480
27.12.15,11690,222110
28.12.15,9989,119868
29.12.15,7469,134442
30.12.15,10318,196042
31.12.15,13958,209370
01.01.16,10514,199766
02.01.16,10003,100030
03.01.16,11620,139440
04.01.16,8883,133245
05.01.16,10913,185521
06.01.16,13293,159516
07.01.16,13496,256424
08.01.16,12887,154644
09.01.16,13958,153538
10.01.16,8750,96250
11.01.16,10843,151802
12.01.16,7329,139251
13.01.16,13167,144837
14.01.16,13167,171171
15.01.16,10752,172032
16.01.16,12327,147924
17.01.16,12887,219079
18.01.16,11641,116410
19.01.16,7693,138474
20.01.16,10787,151018
21.01.16,11921,214578
22.01.16,7763,93156
23.01.16,13748,164976
24.01.16,9856,167552
25.01.16,7896,110544
26.01.16,10346,175882
27.01.16,10409,135317
28.01.16,11165,145145
29.01.16,12348,123480
30.01.16,13881,138810
31.01.16,8505,93555
01.02.16,12299,233681
02.02.16,9856,187264
03.02.16,8778,96558
04.02.16,8778,131670
05.02.16,13608,258552
06.02.16,9919,178542
07.02.16,8414,126210
08.02.16,11186,201348
09.02.16,11403,125433
10.02.16,12243,159159
11.02.16,11543,219317
12.02.16,10528,115808
13.02.16,10493,146902
14.02.16,13608,258552
15.02.16,11214,112140
16.02.16,9401,122213
17.02.16,8414,84140
18.02.16,8568,154224
19.02.16,12502,187530
20.02.16,7385,125545
21.02.16,9898,168266
22.02.16,11382,125202
23.02.16,9128,127792
24.02.16,10094,100940
25.02.16,11662,128282
26.02.16,8414,109382
27.02.16,10269,112959
28.02.16,9926,138964
29.02.16,10269,102690
01.03.16,8218,106834
02.03.16,8855,168245
03.03.16,8904,124656
04.03.16,10115,151725
05.03.16,8953,143248
06.03.16,9051,126714
07.03.16,8757,157626
08.03.16,10668,170688
09.03.16,13244,172172
10.03.16,10752,193536
11.03.16,8085,113190
12.03.16,13489,229313
13.03.16,10115,192185
14.03.16,9961,179298
15.03.16,10878,174048
16.03.16,12089,169246
17.03.16,10185,101850
18.03.16,12474,199584
19.03.16,12943,220031
20.03.16,11214,112140
21.03.16,13489,215824
22.03.16,13111,235998
23.03.16,11466,137592
24.03.16,7476,119616
25.03.16,13503,229551
26.03.16,13769,192766
27.03.16,9408,103488
28.03.16,7567,83237
29.03.16,9415,103565
30.03.16,11480,218120
31.03.16,7868,110152
01.04.16,11396,216524
02.04.16,12019,156247
03.04.16,11571,161994
04.04.16,12943,245917
05.04.16,7427,141113
06.04.16,9667,174006
07.04.16,11718,164052
08.04.16,11998,203966
09.04.16,13993,167916
10.04.16,11193,156702
11.04.16,12565,150780
12.04.16,8484,110292
13.04.16,9170,155890
14.04.16,7098,113568
15.04.16,7322,102508
16.04.16,8778,105336
17.04.16,10409,176953
18.04.16,11739,140868
19.04.16,11830,201110
20.04.16,9478,104258
21.04.16,11732,129052
22.04.16,13797,220752
23.04.16,11137,211603
24.04.16,8960,143360
25.04.16,7819,125104
26.04.16,7553,98189
27.04.16,13405,174265
28.04.16,11830,201110
29.04.16,13671,246078
30.04.16,10703,107030
01.05.16,13615,217840
02.05.16,11543,161602
03.05.16,10661,117271
04.05.16,7091,92183
05.05.16,13944,237048
06.05.16,9338,149408
07.05.16,7112,106680
08.05.16,7770,93240
09.05.16,7805,109270
10.05.16,11732,152516
11.05.16,8960,98560
12.05.16,10661,106610
13.05.16,13468,161616
14.05.16,8078,145404
15.05.16,12131,206227
16.05.16,7112,71120
17.05.16,8407,151326
18.05.16,10577,137501
19.05.16,10311,134043
20.05.16,8960,161280
21.05.16,12201,146412
22.05.16,13328,159936
23.05.16,13552,257488
24.05.16,11207,168105
25.05.16,8960,170240
26.05.16,11424,114240
27.05.16,8498,152964
28.05.16,11795,153335
29.05.16,8323,116522
30.05.16,9443,113316
31.05.16,13790,179270
01.06.16,13720,205800
02.06.16,7196,93548
03.06.16,10948,142324
04.06.16,13734,247212
05.06.16,8498,144466
06.06.16,7105,106575
07.06.16,7588,136584
08.06.16,7889,149891
09.06.16,11319,124509
10.06.16,13713,178269
11.06.16,11326,147238
12.06.16,12166,158158
13.06.16,8267,90937
14.06.16,13741,233597
15.06.16,8379,142443
16.06.16,9912,188328
17.06.16,9751,175518
18.06.16,13881,180453
19.06.16,8617,112021
20.06.16,10612,127344
21.06.16,12166,121660
22.06.16,8708,87080
23.06.16,13650,218400
24.06.16,7462,111930
25.06.16,11116,133392
26.06.16,12348,123480
27.06.16,11795,117950
28.06.16,7777,124432
29.06.16,7231,79541
30.06.16,13636,163632
01.07.16,12348,209916
02.07.16,10339,103390
03.07.16,13566,230622
04.07.16,7336,88032
05.07.16,9135,127890
06.07.16,9989,109879
07.07.16,13937,209055
08.07.16,8169,81690
09.07.16,7546,120736
10.07.16,11242,146146
11.07.16,12516,225288
12.07.16,10234,153510
13.07.16,9919,178542
14.07.16,9968,189392
15.07.16,12796,179144
16.07.16,13587,230979
17.07.16,8617,86170
18.07.16,7651,137718
19.07.16,13223,132230
20.07.16,7707,77070
21.07.16,9898,98980
22.07.16,10017,170289
23.07.16,8652,138432
24.07.16,11501,138012
25.07.16,8652,103824
26.07.16,11130,111300
27.07.16,12929,219793
28.07.16,8344,150192
29.07.16,13860,194040
30.07.16,8862,159516
31.07.16,9583,134162
01.08.16,12656,227808
02.08.16,13881,194334
03.08.16,10542,126504
04.08.16,11130,200340
05.08.16,9506,95060
06.08.16,8421,84210
07.08.16,10703,192654
08.08.16,9317,111804
09.08.16,11207,156898
10.08.16,7497,127449
11.08.16,8295,116130
12.08.16,10920,185640
13.08.16,8785,105420
14.08.16,10185,132405
15.08.16,13097,209552
16.08.16,11872,166208
17.08.16,13748,233716
18.08.16,9898,98980
19.08.16,11137,167055
20.08.16,8890,151130
21.08.16,8813,141008
22.08.16,8638,138208
23.08.16,10192,112112
24.08.16,8729,139664
25.08.16,13475,175175
26.08.16,12705,165165
27.08.16,12901,245119
28.08.16,11137,122507
29.08.16,9072,108864
30.08.16,11144,133728
31.08.16,9016,90160
01.09.16,11179,178864
02.09.16,7112,106680
03.09.16,10703,117733
04.09.16,7595,98735
05.09.16,13146,223482
06.09.16,10115,131495
07.09.16,9079,118027
08.09.16,10451,114961
09.09.16,9016,117208
10.09.16,10745,128940
11.09.16,12278,208726
12.09.16,11956,143472
13.09.16,10703,149842
14.09.16,13559,135590
15.09.16,12831,179634
16.09.16,13496,215936
17.09.16,10451,177667
18.09.16,11396,216524
19.09.16,10836,205884
20.09.16,7490,127330
21.09.16,11956,167384
22.09.16,11557,196469
23.09.16,7168,78848
24.09.16,13328,199920
25.09.16,13496,175448
26.09.16,7840,117600
27.09.16,11627,127897
28.09.16,8547,102564
29.09.16,11172,122892
30.09.16,8694,165186
01.10.16,13468,202020
02.10.16,12082,144984
03.10.16,8855,132825
04.10.16,8295,124425
05.10.16,8708,130620
06.10.16,10080,120960
07.10.16,8204,123060
08.10.16,10108,151620
09.10.16,8036,112504
10.10.16,8638,155484
11.10.16,10920,207480
12.10.16,7112,120904
13.10.16,7014,119238
14.10.16,13328,199920
15.10.16,8512,110656
16.10.16,12173,231287
17.10.16,9849,98490
18.10.16,12285,208845
19.10.16,8512,119168
20.10.16,12572,226296
21.10.16,13832,193648
22.10.16,7259,101626
23.10.16,9800,98000
24.10.16,9401,112812
25.10.16,9128,164304
26.10.16,8183,155477
27.10.16,13475,256025
28.10.16,10780,161700
29.10.16,10535,168560
30.10.16,7497,119952
31.10.16,7259,87108
01.11.16,10955,153370
02.11.16,11550,173250
03.11.16,8981,116753
04.11.16,7574,113610
05.11.16,11109,188853
06.11.16,12677,228186
07.11.16,9933,119196
08.11.16,13132,210112
09.11.16,12152,121520
10.11.16,13202,132020
11.11.16,11102,177632
12.11.16,10899,185283
13.11.16,8967,89670
14.11.16,8302,83020
15.11.16,7448,74480
16.11.16,7847,78470
17.11.16,12019,204323
18.11.16,10703,203357
19.11.16,8939,169841
20.11.16,13671,136710
21.11.16,10913,185521
22.11.16,11186,190162
23.11.16,9331,139965
24.11.16,11802,200634
25.11.16,9261,111132
26.11.16,13048,156576
27.11.16,9121,109452
28.11.16,13489,202335
29.11.16,9534,171612
30.11.16,8519,161861
01.12.16,12103,121030
02.12.16,7252,116032
03.12.16,12446,149352
04.12.16,10157,121884
05.12.16,10976,109760
06.12.16,7665,84315
07.12.16,13965,265335
08.12.16,10318,196042
09.12.16,10248,194712
10.12.16,13370,173810
11.12.16,8771,131565
12.12.16,8771,157878
13.12.16,13041,247779
14.12.16,12425,124250
15.12.16,10094,171598
16.12.16,7798,148162
17.12.16,8169,106197
18.12.16,10248,133224
19.12.16,11872,130592
20.12.16,12019,132209
21.12.16,13622,258818
22.12.16,13041,169533
23.12.16,10325,165200
24.12.16,7910,126560
25.12.16,12677,126770
26.12.16,8981,143696
27.12.16,8841,97251
28.12.16,12950,194250
29.12.16,8652,164388
30.12.16,13622,258818
31.12.16,8057,80570
01.01.17,9989,99890
02.01.17,10472,178024
03.01.17,10479,167664
04.01.17,12096,217728
05.01.17,13188,237384
06.01.17,10087,151305
07.01.17,8652,95172
08.01.17,13601,231217
09.01.17,13909,152999
10.01.17,10983,131796
11.01.17,8666,112658
12.01.17,13160,236880
13.01.17,8498,110474
14.01.17,10346,155190
15.01.17,12103,145236
16.01.17,7161,107415
17.01.17,13888,152768
18.01.17,10934,153076
19.01.17,8498,127470
20.01.17,10206,153090
21.01.17,9387,112644
22.01.17,9058,135870
23.01.17,9254,101794
24.01.17,7392,140448
25.01.17,11592,220248
26.01.17,10563,105630
27.01.17,10934,185878
28.01.17,7413,96369
29.01.17,7742,108388
30.01.17,9520,171360
31.01.17,8645,112385
01.02.17,7595,91140
02.02.17,10927,163905
03.02.17,12208,170912
04.02.17,8575,94325
05.02.17,13720,260680
06.02.17,9821,166957
07.02.17,7056,119952
08.02.17,9520,104720
09.02.17,7021,119357
10.02.17,13811,262409
11.02.17,13594,258286
12.02.17,9681,106491
13.02.17,11781,117810
14.02.17,11116,122276
15.02.17,11067,210273
16.02.17,12768,242592
17.02.17,9681,116172
18.02.17,10248,133224
19.02.17,12222,158886
20.02.17,10234,112574
21.02.17,12411,136521
22.02.17,8855,150535
23.02.17,7574,98462
24.02.17,7805,132685
25.02.17,10773,161595
26.02.17,8064,145152
27.02.17,9590,163030
28.02.17,12222,134442
01.03.17,8995,152915
02.03.17,10486,188748
03.03.17,8575,85750
04.03.17,7574,83314
05.03.17,8855,97405
06.03.17,11753,199801
07.03.17,12768,204288
08.03.17,12859,128590
09.03.17,12509,125090
10.03.17,10283,154245
11.03.17,11879,130669
12.03.17,8575,85750
13.03.17,10374,155610
14.03.17,10710,182070
15.03.17,11781,164934
16.03.17,13020,182280
17.03.17,7441,111615
18.03.17,9114,91140
19.03.17,13895,250110
20.03.17,11879,213822
21.03.17,7266,72660
22.03.17,8393,125895
23.03.17,12992,181888
24.03.17,7896,142128
25.03.17,11340,136080
26.03.17,7336,117376
27.03.17,12117,218106
28.03.17,13895,236215
29.03.17,8309,132944
30.03.17,7315,73150
31.03.17,7469,141911
01.04.17,8197,139349
02.04.17,13279,185906
03.04.17,11452,114520
04.04.17,7273,116368
05.04.17,10752,139776
06.04.17,11865,118650
07.04.17,8232,82320
08.04.17,12824,179536
09.04.17,7609,83699
10.04.17,7322,95186
11.04.17,11032,187544
12.04.17,13356,133560
13.04.17,12117,157521
14.04.17,10731,118041
15.04.17,11802,118020
16.04.17,13601,204015
17.04.17,8883,88830
18.04.17,12250,159250
19.04.17,11403,114030
20.04.17,10003,100030
21.04.17,9681,164577
22.04.17,12530,137830
23.04.17,7903,110642
24.04.17,13713,246834
25.04.17,10717,160755
26.04.17,9177,146832
27.04.17,7070,84840
28.04.17,10885,119735
29.04.17,13657,218512
30.04.17,13132,236376
01.05.17,10759,150626
02.05.17,10087,181566
03.05.17,11627,139524
04.05.17,9569,124397
05.05.17,8925,116025
06.05.17,13510,135100
07.05.17,10885,119735
08.05.17,13405,174265
09.05.17,9758,146370
10.05.17,12411,186165
11.05.17,10549,200431
12.05.17,7763,93156
13.05.17,12761,229698
14.05.17,10717,160755
15.05.17,12838,141218
16.05.17,13265,132650
17.05.17,11081,177296
18.05.17,12922,155064
19.05.17,8323,149814
20.05.17,8533,93863
21.05.17,10066,171122
22.05.17,13377,200655
23.05.17,7392,73920
24.05.17,11802,200634
25.05.17,10892,174272
26.05.17,10227,163632
27.05.17,12922,193830
28.05.17,10269,184842
29.05.17,10136,182448
30.05.17,13902,139020
31.05.17,8078,137326
01.06.17,10829,119119
02.06.17,11508,161112
03.06.17,8666,103992
04.06.17,10227,194313
05.06.17,8764,122696
06.06.17,13055,208880
07.06.17,8820,114660
08.06.17,13902,222432
09.06.17,12691,203056
10.06.17,8036,96432
11.06.17,12712,241528
12.06.17,13153,197295
13.06.17,9849,118188
14.06.17,11879,118790
15.06.17,8764,140224
16.06.17,8820,97020
17.06.17,12425,124250
18.06.17,13398,160776
19.06.17,9275,176225
20.06.17,12712,190680
21.06.17,12852,128520
22.06.17,13468,202020
23.06.17,7203,100842
24.06.17,11718,152334
25.06.17,9667,125671
26.06.17,9324,121212
27.06.17,11074,143962
28.06.17,12355,197680
29.06.17,8820,114660
30.06.17,13566,203490
01.07.17,8372,125580
02.07.17,7203,108045
03.07.17,10850,119350
04.07.17,8554,162526
05.07.17,12698,165074
06.07.17,8400,159600
07.07.17,9737,136318
08.07.17,8414,151452
09.07.17,11879,201943
10.07.17,8372,159068
11.07.17,10304,185472
12.07.17,9016,108192
13.07.17,9254,148064
14.07.17,12698,165074
15.07.17,13755,165060
16.07.17,8582,163058
17.07.17,7476,97188
18.07.17,8743,104916
19.07.17,7098,134862
20.07.17,7196,86352
21.07.17,9492,151872
22.07.17,9254,148064
23.07.17,8792,114296
24.07.17,9233,138495
25.07.17,11774,211932
26.07.17,7847,133399
27.07.17,11382,170730
28.07.17,8547,128205
29.07.17,13048,130480
30.07.17,9492,104412
31.07.17,11004,187068
01.08.17,7581,106134
02.08.17,7952,151088
03.08.17,8820,123480
04.08.17,10724,193032
05.08.17,7651,84161
06.08.17,8442,118188
07.08.17,11781,164934
08.08.17,12859,192885
09.08.17,10080,100800
10.08.17,8085,113190
11.08.17,9933,168861
12.08.17,11130,111300
13.08.17,12642,227556
14.08.17,11284,135408
15.08.17,8442,92862
16.08.17,11221,123431
17.08.17,10668,181356
18.08.17,10605,106050
19.08.17,11095,166425
20.08.17,8421,143157
21.08.17,9800,186200
22.08.17,7735,108290
23.08.17,8113,154147
24.08.17,9968,189392
25.08.17,7924,95088
26.08.17,8155,122325
27.08.17,10381,114191
28.08.17,10829,129948
29.08.17,11900,202300
30.08.17,10045,190855
31.08.17,12376,222768
01.09.17,8659,121226
02.09.17,10311,175287
03.09.17,11739,199563
04.09.17,8008,144144
05.09.17,12103,205751
06.09.17,11221,168315
07.09.17,12691,139601
08.09.17,13860,166320
09.09.17,8498,127470
10.09.17,7147,78617
11.09.17,12873,244587
12.09.17,8960,107520
13.09.17,7665,84315
14.09.17,8764,113932
15.09.17,7133,99862
16.09.17,13587,163044
17.09.17,11053,121583
18.09.17,9415,94150
19.09.17,11186,190162
20.09.17,12873,141603
21.09.17,7266,138054
22.09.17,7168,107520
23.09.17,11627,197659
24.09.17,8680,121520
25.09.17,10045,140630
26.09.17,11459,194803
27.09.17,10486,125832
28.09.17,11186,123046
29.09.17,9639,96390
30.09.17,9688,116256
01.10.17,13034,208544
02.10.17,10157,142198
03.10.17,12768,153216
04.10.17,9870,187530
05.10.17,13538,230146
06.10.17,10486,188748
07.10.17,8141,154679
08.10.17,7035,105525
09.10.17,12719,139909
10.10.17,13363,213808
11.10.17,9933,109263
12.10.17,13706,178178
13.10.17,7889,78890
14.10.17,8841,150297
15.10.17,7805,101465
16.10.17,8575,102900
17.10.17,9436,113232
18.10.17,9695,164815
19.10.17,11291,112910
20.10.17,9478,123214
21.10.17,7763,139734
22.10.17,7875,78750
23.10.17,7252,94276
24.10.17,13839,262941
25.10.17,13167,237006
26.10.17,12544,200704
27.10.17,12138,218484
28.10.17,8120,146160
29.10.17,12726,165438
30.10.17,7119,135261
31.10.17,11578,219982
01.11.17,13083,209328
02.11.17,10150,111650
03.11.17,10052,110572
04.11.17,11291,203238
05.11.17,11599,162386
06.11.17,7168,71680
07.11.17,12726,229068
08.11.17,7371,132678
09.11.17,11011,132132
10.11.17,8393,159467
11.11.17,13965,265335
12.11.17,13874,194236
13.11.17,10465,167440
14.11.17,11291,112910
15.11.17,8638,138208
16.11.17,13020,156240
17.11.17,13580,190120
18.11.17,8918,160524
19.11.17,7665,107310
20.11.17,13951,167412
21.11.17,10220,194180
22.11.17,11578,208404
23.11.17,9590,95900
24.11.17,12103,145236
25.11.17,10178,183204
26.11.17,11634,174510
27.11.17,8918,142688
28.11.17,12957,246183
29.11.17,8176,81760
30.11.17,7455,96915
01.12.17,8302,141134
02.12.17,12999,181986
03.12.17,7504,75040
04.12.17,12278,208726
05.12.17,11634,162876
06.12.17,12390,198240
07.12.17,8071,88781
08.12.17,11207,156898
09.12.17,9443,179417
10.12.17,11844,118440
11.12.17,8561,136976
12.12.17,7616,144704
13.12.17,12278,159614
14.12.17,7091,78001
15.12.17,9646,163982
16.12.17,9499,142485
17.12.17,13853,221648
18.12.17,12117,230223
19.12.17,8274,115836
20.12.17,13846,152306
21.12.17,13629,204435
22.12.17,11592,197064
23.12.17,11354,158956
24.12.17,8176,106288
25.12.17,10136,121632
26.12.17,10640,148960
27.12.17,7049,70490
28.12.17,7343,80773
29.12.17,7077,134463
30.12.17,11529,161406
31.12.17,7315,95095
01.01.18,8918,160524
02.01.18,8001,136017
03.01.18,8106,81060
04.01.18,7630,91560
05.01.18,13342,240156
06.01.18,7343,102802
07.01.18,10626,116886
08.01.18,8771,140336
09.01.18,8400,109200
10.01.18,12803,217651
11.01.18,12033,168462
12.01.18,12880,206080
13.01.18,13020,234360
14.01.18,8652,129780
15.01.18,7735,123760
16.01.18,9212,92120
17.01.18,10402,176834
18.01.18,7749,85239
19.01.18,11340,147420
20.01.18,8057,136969
21.01.18,12936,206976
22.01.18,10710,182070
23.01.18,7924,79240
24.01.18,9877,98770
25.01.18,7700,146300
26.01.18,11270,123970
27.01.18,13657,191198
28.01.18,7273,123641
29.01.18,13111,209776
30.01.18,12936,206976
31.01.18,13993,265867
01.02.18,13944,195216
02.02.18,10171,101710
03.02.18,9737,107107
04.02.18,13944,250992
05.02.18,13076,196140
06.02.18,8393,117502
07.02.18,13188,237384
08.02.18,13797,193158
09.02.18,9121,155057
10.02.18,12131,206227
11.02.18,8064,112896
12.02.18,8435,134960
13.02.18,7378,125426
14.02.18,7658,114870
15.02.18,8939,116207
16.02.18,11410,171150
17.02.18,7637,122192
18.02.18,13139,170807
19.02.18,12131,145572
20.02.18,12901,206416
21.02.18,9464,113568
22.02.18,7028,84336
23.02.18,10332,175644
24.02.18,8022,104286
25.02.18,8666,147322
26.02.18,9366,131124
27.02.18,8666,86660
28.02.18,8302,149436
01.03.18,12425,198800
02.03.18,13307,133070
03.03.18,11410,114100
04.03.18,9863,118356
05.03.18,8484,84840
06.03.18,13013,169169
07.03.18,9366,131124
08.03.18,11284,180544
09.03.18,11641,221179
10.03.18,12285,208845
11.03.18,11200,212800
12.03.18,8442,92862
13.03.18,12964,194460
14.03.18,13237,251503
15.03.18,13013,195195
16.03.18,12789,179046
17.03.18,9023,108276
18.03.18,7616,144704
19.03.18,12285,171990
20.03.18,9625,96250
21.03.18,12103,133133
22.03.18,12215,146580
23.03.18,9709,174762
24.03.18,7462,89544
25.03.18,11326,203868
26.03.18,8365,92015
27.03.18,7616,99008
28.03.18,10878,163170
29.03.18,13440,241920
30.03.18,10234,153510
31.03.18,13895,264005
01.04.18,11144,200592
02.04.18,10101,141414
03.04.18,7840,125440
04.04.18,12068,205156
05.04.18,10255,164080
06.04.18,8309,99708
07.04.18,11081,210539
08.04.18,13146,144606
09.04.18,7329,95277
10.04.18,11879,166306
11.04.18,11186,134232
12.04.18,7840,94080
13.04.18,8386,117404
14.04.18,11942,191072
15.04.18,13055,156660
16.04.18,11081,210539
17.04.18,10283,143962
18.04.18,7210,136990
19.04.18,8491,118874
20.04.18,12404,235676
21.04.18,12061,132671
22.04.18,9100,100100
23.04.18,9737,165529
24.04.18,11116,111160
25.04.18,7868,86548
26.04.18,8281,157339
27.04.18,13069,169897
28.04.18,7693,92316
29.04.18,10248,153720
30.04.18,7938,79380
01.05.18,11060,132720
02.05.18,11375,204750
03.05.18,8645,95095
04.05.18,10052,100520
05.05.18,8981,89810
06.05.18,9954,99540
07.05.18,9037,162666
08.05.18,11116,133392
09.05.18,8729,87290
10.05.18,11368,193256
11.05.18,8946,107352
12.05.18,8078,129248
13.05.18,12215,183225
14.05.18,13930,167160
15.05.18,8092,153748
16.05.18,7357,102998
17.05.18,7686,99918
18.05.18,10787,107870
19.05.18,12698,126980
20.05.18,10668,138684
21.05.18,7777,139986
22.05.18,12194,182910
23.05.18,13699,205485
24.05.18,10080,110880
25.05.18,8869,115297
26.05.18,9471,94710
27.05.18,7903,142254
28.05.18,7966,111524
29.05.18,13930,181090
30.05.18,12068,144816
31.05.18,13041,208656
01.06.18,12103,181545
02.06.18,9527,152432
03.06.18,12859,167167
04.06.18,11501,115010
05.06.18,12082,229558
06.06.18,13552,176176
07.06.18,13230,185220
08.06.18,9037,135555
09.06.18,7084,99176
10.06.18,8869,115297
11.06.18,7245,130410
12.06.18,8358,100296
13.06.18,10808,194544
14.06.18,12348,172872
15.06.18,7364,139916
16.06.18,13629,218064
17.06.18,11172,145236
18.06.18,11326,113260
19.06.18,12250,196000
20.06.18,9205,92050
21.06.18,13216,198240
22.06.18,11914,119140
23.06.18,9842,157472
24.06.18,11711,187376
25.06.18,13433,188062
26.06.18,10493,125916
27.06.18,11781,164934
28.06.18,9786,176148
29.06.18,8407,92477
30.06.18,13685,150535
01.07.18,9499,151984
02.07.18,11130,155820
03.07.18,7077,113232
04.07.18,11872,130592
05.07.18,12278,135058
06.07.18,11914,142968
07.07.18,8995,170905
08.07.18,12369,235011
09.07.18,9506,152096
10.07.18,10766,172256
11.07.18,7217,72170
12.07.18,12152,230888
13.07.18,13692,232764
14.07.18,8085,153615
15.07.18,13195,158340
16.07.18,13349,253631
17.07.18,13188,250572
18.07.18,13132,223244
19.07.18,13342,160104
20.07.18,13902,208530
21.07.18,12446,236474
22.07.18,8785,140560
23.07.18,11382,182112
24.07.18,8694,113022
25.07.18,10829,140777
26.07.18,10094,191786
27.07.18,8281,99372
28.07.18,8729,87290
29.07.18,13370,133700
30.07.18,9786,176148
31.07.18,7763,85393
01.08.18,8995,170905
02.08.18,9954,169218
03.08.18,8309,99708
04.08.18,9639,125307
05.08.18,7322,124474
06.08.18,13251,132510
07.08.18,11949,203133
08.08.18,13384,133840
09.08.18,13286,159432
10.08.18,10850,206150
11.08.18,13209,145299
12.08.18,10038,110418
13.08.18,10178,111958
14.08.18,11550,173250
15.08.18,12495,124950
16.08.18,11550,150150
17.08.18,10248,112728
18.08.18,13398,241164
19.08.18,12607,189105
20.08.18,12187,158431
21.08.18,8799,158382
22.08.18,12117,145404
23.08.18,13776,137760
24.08.18,7924,134708
25.08.18,13321,146531
26.08.18,9926,188594
27.08.18,12691,126910
28.08.18,11060,154840
29.08.18,11844,142128
30.08.18,12880,231840
31.08.18,11445,160230
01.09.18,12460,137060
02.09.18,7014,91182
03.09.18,13909,152999
04.09.18,12628,138908
05.09.18,8148,114072
06.09.18,12257,134827
07.09.18,10213,173621
08.09.18,13566,203490
09.09.18,8281,149058
10.09.18,12187,146244
11.09.18,8764,148988
12.09.18,10150,162400
13.09.18,13790,137900
14.09.18,12166,145992
15.09.18,13699,191786
16.09.18,9492,94920
17.09.18,7357,102998
18.09.18,13643,177359
19.09.18,12201,170814
20.09.18,13741,247338
21.09.18,10962,142506
22.09.18,12012,132132
23.09.18,9352,177688
24.09.18,9772,97720
25.09.18,13699,219184
26.09.18,12901,206416
27.09.18,12691,215747
28.09.18,13713,260547
29.09.18,7973,111622
30.09.18,8162,89782
01.10.18,12124,193984
02.10.18,7735,108290
03.10.18,13244,198660
04.10.18,9219,156723
05.10.18,7406,125902
06.10.18,12964,220388
07.10.18,7504,135072
08.10.18,12418,173852
09.10.18,13685,246330
10.10.18,12803,140833
11.10.18,8463,135408
12.10.18,12075,144900
13.10.18,9331,167958
14.10.18,8288,149184
15.10.18,11564,173460
16.10.18,13223,158676
17.10.18,7917,79170
18.10.18,12019,132209
19.10.18,13643,136430
20.10.18,12999,220983
21.10.18,9968,109648
22.10.18,12544,150528
23.10.18,10423,135499
24.10.18,11655,209790
25.10.18,8288,124320
26.10.18,7644,137592
27.10.18,12901,193515
28.10.18,9100,91000
29.10.18,10388,186984
30.10.18,9191,174629
31.10.18,10486,167776
01.11.18,9317,130438
02.11.18,7910,94920
03.11.18,7294,131292
04.11.18,9373,178087
05.11.18,12082,217476
06.11.18,8057,104741
07.11.18,10990,120890
08.11.18,7644,107016
09.11.18,10871,119581
10.11.18,9163,119119
11.11.18,10409,187362
12.11.18,8988,161784
13.11.18,7812,78120
14.11.18,13664,191296
15.11.18,7084,134596
16.11.18,7182,122094
17.11.18,9492,94920
18.11.18,7826,148694
19.11.18,12404,124040
20.11.18,11382,204876
21.11.18,13083,156996
22.11.18,8603,129045
23.11.18,12467,174538
24.11.18,10731,150234
25.11.18,8939,160902
26.11.18,10115,141610
27.11.18,8162,97944
28.11.18,13636,177268
29.11.18,8547,153846
30.11.18,7875,110250
01.12.18,10185,193515
02.12.18,7931,118965
03.12.18,8253,148554
04.12.18,13223,171899
05.12.18,12957,194355
06.12.18,7987,87857
07.12.18,7539,135702
08.12.18,13811,151921
09.12.18,7511,127687
10.12.18,8491,110383
11.12.18,12719,203504
12.12.18,13573,135730
13.12.18,9009,171171
14.12.18,9219,175161
15.12.18,10500,199500
16.12.18,12334,185010
17.12.18,11242,146146
18.12.18,12075,144900
19.12.18,10605,201495
20.12.18,11739,140868
21.12.18,8820,114660
22.12.18,10759,118349
23.12.18,9450,151200
24.12.18,12761,216937
25.12.18,8001,88011
26.12.18,10780,118580
27.12.18,10654,149156
28.12.18,7476,134568
29.12.18,9471,123123
30.12.18,7406,88872
31.12.18,11942,143304
01.01.19,11018,165270
02.01.19,10766,107660
03.01.19,8960,116480
04.01.19,11144,156016
05.01.19,11158,156212
06.01.19,9149,109788
07.01.19,12537,238203
08.01.19,13741,233597
09.01.19,9576,114912
10.01.19,11025,209475
11.01.19,13055,195825
12.01.19,12775,178850
13.01.19,10647,191646
14.01.19,11144,200592
15.01.19,7189,107835
16.01.19,7189,100646
17.01.19,9919,99190
18.01.19,8967,125538
19.01.19,9562,152992
20.01.19,7329,80619
21.01.19,8687,138992
22.01.19,8463,152334
23.01.19,10493,115423
24.01.19,10010,100100
25.01.19,12544,188160
26.01.19,12222,183330
27.01.19,9401,178619
28.01.19,12124,193984
29.01.19,11046,154644
30.01.19,11438,171570
31.01.19,8932,133980
01.02.19,13076,183064
02.02.19,12502,225036
03.02.19,13587,149457
04.02.19,8981,116753
05.02.19,11431,182896
06.02.19,8554,111202
07.02.19,9856,118272
08.02.19,8148,138516
09.02.19,8043,120645
10.02.19,12362,123620
11.02.19,12327,172578
12.02.19,13832,207480
13.02.19,12579,125790
14.02.19,9807,176526
15.02.19,9625,134750
16.02.19,12635,227430
17.02.19,7798,85778
18.02.19,11480,149240
19.02.19,12341,234479
20.02.19,9583,124579
21.02.19,8491,93401
22.02.19,8953,89530
23.02.19,7931,95172
24.02.19,11830,118300
25.02.19,11914,202538
26.02.19,9821,137494
27.02.19,9660,173880
28.02.19,10171,193249
01.03.19,10367,176239
02.03.19,9716,106876
03.03.19,8001,104013
04.03.19,9814,117768
05.03.19,12796,127960
06.03.19,12397,123970
07.03.19,9702,174636
08.03.19,9177,110124
09.03.19,8694,95634
10.03.19,12586,226548
11.03.19,7469,119504
12.03.19,13132,236376
13.03.19,9219,101409
14.03.19,9387,159579
15.03.19,13020,156240
16.03.19,13391,160692
17.03.19,8085,145530
18.03.19,11809,188944
19.03.19,7714,131138
20.03.19,13993,195902
21.03.19,11165,178640
22.03.19,7756,100828
23.03.19,12593,151116
24.03.19,10052,140728
25.03.19,10248,122976
26.03.19,13734,137340
27.03.19,7126,92638
28.03.19,11865,177975
29.03.19,10122,111342
30.03.19,8414,151452
31.03.19,9492,142380
01.04.19,7847,94164
02.04.19,13076,169988
03.04.19,7693,130781
04.04.19,8176,130816
05.04.19,10262,153930
06.04.19,11480,206640
07.04.19,9009,99099
08.04.19,9289,157913
09.04.19,11494,114940
10.04.19,13286,239148
11.04.19,8162,89782
12.04.19,9002,108024
13.04.19,13356,173628
14.04.19,12733,178262
15.04.19,8603,94633
16.04.19,8540,102480
17.04.19,9170,110040
18.04.19,12089,193424
19.04.19,10290,195510
20.04.19,12971,246449
21.04.19,7917,134589
22.04.19,7714,138852
23.04.19,9611,124943
24.04.19,10360,196840
25.04.19,12992,207872
26.04.19,8785,149345
27.04.19,7588,98644
28.04.19,13293,225981
29.04.19,13573,190022
30.04.19,8211,98532
01.05.19,13342,253498
02.05.19,7546,135828
03.05.19,8120,121800
04.05.19,12880,218960
05.05.19,8680,121520
06.05.19,7203,115248
07.05.19,11578,138936
08.05.19,8183,155477
09.05.19,7917,87087
10.05.19,11816,212688
11.05.19,10493,104930
12.05.19,9373,140595
13.05.19,8162,106106
14.05.19,8820,88200
15.05.19,7210,93730
16.05.19,13608,176904
17.05.19,12866,167258
18.05.19,8148,154812
19.05.19,10241,163856
20.05.19,8967,89670
21.05.19,11242,112420
22.05.19,13748,206220
23.05.19,7553,143507
24.05.19,8897,106764
25.05.19,13006,234108
26.05.19,9842,118104
27.05.19,8344,108472
28.05.19,9121,155057
29.05.19,10465,188370
30.05.19,13153,223601
31.05.19,7910,87010
01.06.19,10409,124908
02.06.19,11158,145054
03.06.19,7364,125188
04.06.19,9352,140280
05.06.19,7252,101528
06.06.19,11851,142212
07.06.19,13013,130130
08.06.19,7616,76160
09.06.19,7308,109620
10.06.19,8064,96768
11.06.19,8624,112112
12.06.19,12187,170618
13.06.19,12257,122570
14.06.19,13391,241038
15.06.19,9443,132202
16.06.19,11697,128667
17.06.19,8085,129360
18.06.19,8876,133140
19.06.19,8281,124215
20.06.19,11508,195636
21.06.19,13776,220416
22.06.19,13783,165396
23.06.19,10794,107940
24.06.19,12194,170716
25.06.19,11508,161112
26.06.19,8841,150297
27.06.19,13391,241038
28.06.19,8176,138992
29.06.19,9471,123123
30.06.19,9793,146895
01.07.19,12117,181755
02.07.19,13321,239778
03.07.19,11109,166635
04.07.19,8351,116914
05.07.19,13643,231931
06.07.19,8911,89110
07.07.19,7532,143108
08.07.19,7420,140980
09.07.19,11732,129052
10.07.19,8288,82880
11.07.19,9639,154224
12.07.19,9212,92120
13.07.19,13755,233835
14.07.19,11361,181776
15.07.19,13993,153923
16.07.19,9751,107261
17.07.19,8624,86240
18.07.19,10080,120960
19.07.19,9527,171486
20.07.19,12278,135058
21.07.19,13335,226695
22.07.19,11522,149786
23.07.19,8085,97020
24.07.19,9044,135660
25.07.19,13328,239904
